id,label
test_000001,0
test_000002,0
test_000003,0
test_000004,0
test_000005,0
test_000006,0
test_000007,0
test_000008,1
test_000009,0
test_000010,1
test_000011,0
test_000012,1
test_000013,0
test_000014,0
test_000015,0
test_000016,0
test_000017,0
test_000018,0
test_000019,0
test_000020,0
test_000021,0
test_000022,0
test_000023,0
test_000024,1
test_000025,0
test_000026,0
test_000027,0
test_000028,0
test_000029,0
test_000030,0
test_000031,0
test_000032,0
test_000033,0
test_000034,1
test_000035,1
test_000036,1
test_000037,1
test_000038,1
test_000039,0
test_000040,0
test_000041,0
test_000042,0
test_000043,0
test_000044,0
test_000045,0
test_000046,0
test_000047,0
test_000048,1
test_000049,0
test_000050,0
test_000051,0
test_000052,0
test_000053,0
test_000054,1
test_000055,1
test_000056,1
test_000057,0
test_000058,0
test_000059,0
test_000060,0
test_000061,0
test_000062,0
test_000063,0
test_000064,0
test_000065,0
test_000066,0
test_000067,0
test_000068,0
test_000069,0
test_000070,0
test_000071,0
test_000072,0
test_000073,0
test_000074,0
test_000075,0
test_000076,1
test_000077,0
test_000078,0
test_000079,0
test_000080,0
test_000081,0
test_000082,1
test_000083,1
test_000084,0
test_000085,0
test_000086,1
test_000087,0
test_000088,0
test_000089,0
test_000090,0
test_000091,0
test_000092,0
test_000093,0
test_000094,1
test_000095,0
test_000096,1
test_000097,0
test_000098,0
test_000099,0
test_000100,0
test_000101,0
test_000102,0
test_000103,0
test_000104,0
test_000105,0
test_000106,0
test_000107,0
test_000108,0
test_000109,0
test_000110,1
test_000111,0
test_000112,0
test_000113,0
test_000114,0
test_000115,0
test_000116,0
test_000117,0
test_000118,0
test_000119,0
test_000120,0
test_000121,0
test_000122,0
test_000123,0
test_000124,0
test_000125,1
test_000126,0
test_000127,0
test_000128,0
test_000129,0
test_000130,0
test_000131,0
test_000132,0
test_000133,0
test_000134,0
test_000135,0
test_000136,0
test_000137,0
test_000138,0
test_000139,1
test_000140,1
test_000141,1
test_000142,0
test_000143,0
test_000144,1
test_000145,0
test_000146,0
test_000147,0
test_000148,1
test_000149,0
test_000150,0
test_000151,0
test_000152,0
test_000153,0
test_000154,1
test_000155,0
test_000156,0
test_000157,1
test_000158,0
test_000159,0
test_000160,0
test_000161,1
test_000162,0
test_000163,0
test_000164,0
test_000165,1
test_000166,0
test_000167,0
test_000168,0
test_000169,0
test_000170,0
test_000171,0
test_000172,0
test_000173,0
test_000174,1
test_000175,0
test_000176,0
test_000177,0
test_000178,0
test_000179,0
test_000180,0
test_000181,0
test_000182,0
test_000183,0
test_000184,1
test_000185,0
test_000186,0
test_000187,0
test_000188,0
test_000189,0
test_000190,0
test_000191,0
test_000192,0
test_000193,1
test_000194,0
test_000195,0
test_000196,1
test_000197,0
test_000198,0
test_000199,0
test_000200,0
test_000201,0
test_000202,0
test_000203,0
test_000204,1
test_000205,0
test_000206,0
test_000207,0
test_000208,0
test_000209,0
test_000210,0
test_000211,0
test_000212,1
test_000213,0
test_000214,0
test_000215,0
test_000216,0
test_000217,0
test_000218,0
test_000219,0
test_000220,0
test_000221,0
test_000222,0
test_000223,0
test_000224,0
test_000225,0
test_000226,0
test_000227,0
test_000228,0
test_000229,0
test_000230,0
test_000231,0
test_000232,0
test_000233,1
test_000234,0
test_000235,0
test_000236,0
test_000237,0
test_000238,0
test_000239,0
test_000240,0
test_000241,0
test_000242,1
test_000243,0
test_000244,0
test_000245,0
test_000246,0
test_000247,1
test_000248,0
test_000249,0
test_000250,0
test_000251,0
test_000252,0
test_000253,0
test_000254,0
test_000255,0
test_000256,0
test_000257,0
test_000258,1
test_000259,0
test_000260,0
test_000261,0
test_000262,0
test_000263,0
test_000264,0
test_000265,0
test_000266,0
test_000267,0
test_000268,0
test_000269,0
test_000270,0
test_000271,0
test_000272,0
test_000273,0
test_000274,0
test_000275,1
test_000276,0
test_000277,0
test_000278,1
test_000279,0
test_000280,1
test_000281,1
test_000282,0
test_000283,0
test_000284,0
test_000285,1
test_000286,0
test_000287,1
test_000288,0
test_000289,0
test_000290,0
test_000291,0
test_000292,0
test_000293,0
test_000294,0
test_000295,0
test_000296,0
test_000297,0
test_000298,1
test_000299,0
test_000300,0
test_000301,1
test_000302,0
test_000303,0
test_000304,0
test_000305,1
test_000306,0
test_000307,0
test_000308,0
test_000309,0
test_000310,0
test_000311,0
test_000312,1
test_000313,0
test_000314,1
test_000315,0
test_000316,0
test_000317,0
test_000318,1
test_000319,0
test_000320,0
test_000321,0
test_000322,0
test_000323,0
test_000324,0
test_000325,0
test_000326,1
test_000327,0
test_000328,0
test_000329,0
test_000330,0
test_000331,0
test_000332,0
test_000333,0
test_000334,0
test_000335,0
test_000336,0
test_000337,0
test_000338,1
test_000339,0
test_000340,0
test_000341,0
test_000342,0
test_000343,0
test_000344,0
test_000345,1
test_000346,0
test_000347,0
test_000348,0
test_000349,0
test_000350,0
test_000351,0
test_000352,0
test_000353,0
test_000354,1
test_000355,0
test_000356,0
test_000357,0
test_000358,1
test_000359,0
test_000360,0
test_000361,0
test_000362,0
test_000363,0
test_000364,0
test_000365,1
test_000366,0
test_000367,0
test_000368,0
test_000369,0
test_000370,0
test_000371,0
test_000372,0
test_000373,0
test_000374,0
test_000375,1
test_000376,0
test_000377,1
test_000378,0
test_000379,0
test_000380,0
test_000381,0
test_000382,0
test_000383,0
test_000384,0
test_000385,0
test_000386,0
test_000387,0
test_000388,0
test_000389,0
test_000390,0
test_000391,0
test_000392,0
test_000393,1
test_000394,0
test_000395,0
test_000396,0
test_000397,0
test_000398,0
test_000399,0
test_000400,1
test_000401,0
test_000402,1
test_000403,0
test_000404,0
test_000405,0
test_000406,0
test_000407,0
test_000408,0
test_000409,0
test_000410,0
test_000411,0
test_000412,0
test_000413,0
test_000414,1
test_000415,0
test_000416,0
test_000417,0
test_000418,0
test_000419,1
test_000420,1
test_000421,0
test_000422,0
test_000423,0
test_000424,0
test_000425,0
test_000426,1
test_000427,0
test_000428,0
test_000429,0
test_000430,0
test_000431,0
test_000432,0
test_000433,0
test_000434,0
test_000435,1
test_000436,0
test_000437,1
test_000438,0
test_000439,1
test_000440,1
test_000441,0
test_000442,0
test_000443,0
test_000444,0
test_000445,0
test_000446,0
test_000447,0
test_000448,0
test_000449,0
test_000450,0
test_000451,1
test_000452,0
test_000453,0
test_000454,1
test_000455,1
test_000456,0
test_000457,0
test_000458,0
test_000459,0
test_000460,0
test_000461,0
test_000462,1
test_000463,0
test_000464,0
test_000465,0
test_000466,0
test_000467,0
test_000468,0
test_000469,0
test_000470,0
test_000471,0
test_000472,0
test_000473,0
test_000474,0
test_000475,0
test_000476,0
test_000477,0
test_000478,0
test_000479,0
test_000480,0
test_000481,0
test_000482,0
test_000483,0
test_000484,0
test_000485,0
test_000486,0
test_000487,0
test_000488,0
test_000489,0
test_000490,0
test_000491,1
test_000492,0
test_000493,0
test_000494,0
test_000495,0
test_000496,0
test_000497,0
test_000498,1
test_000499,0
test_000500,0
test_000501,1
test_000502,0
test_000503,0
test_000504,1
test_000505,0
test_000506,0
test_000507,0
test_000508,0
test_000509,0
test_000510,0
test_000511,0
test_000512,1
test_000513,0
test_000514,0
test_000515,1
test_000516,0
test_000517,0
test_000518,0
test_000519,0
test_000520,0
test_000521,0
test_000522,0
test_000523,0
test_000524,0
test_000525,0
test_000526,0
test_000527,0
test_000528,0
test_000529,0
test_000530,1
test_000531,0
test_000532,0
test_000533,1
test_000534,0
test_000535,0
test_000536,0
test_000537,0
test_000538,0
test_000539,0
test_000540,0
test_000541,0
test_000542,0
test_000543,0
test_000544,0
test_000545,0
test_000546,0
test_000547,0
test_000548,0
test_000549,0
test_000550,1
test_000551,0
test_000552,0
test_000553,0
test_000554,0
test_000555,0
test_000556,0
test_000557,1
test_000558,0
test_000559,0
test_000560,0
test_000561,0
test_000562,0
test_000563,0
test_000564,0
test_000565,0
test_000566,0
test_000567,0
test_000568,0
test_000569,0
test_000570,0
test_000571,0
test_000572,0
test_000573,0
test_000574,0
test_000575,0
test_000576,0
test_000577,0
test_000578,0
test_000579,0
test_000580,0
test_000581,0
test_000582,0
test_000583,0
test_000584,0
test_000585,0
test_000586,0
test_000587,1
test_000588,0
test_000589,0
test_000590,0
test_000591,0
test_000592,0
test_000593,0
test_000594,0
test_000595,0
test_000596,0
test_000597,0
test_000598,0
test_000599,0
test_000600,0
test_000601,0
test_000602,0
test_000603,0
test_000604,0
test_000605,1
test_000606,0
test_000607,0
test_000608,0
test_000609,0
test_000610,0
test_000611,1
test_000612,1
test_000613,0
test_000614,0
test_000615,0
test_000616,0
test_000617,0
test_000618,1
test_000619,0
test_000620,0
test_000621,0
test_000622,0
test_000623,1
test_000624,0
test_000625,0
test_000626,0
test_000627,0
test_000628,0
test_000629,0
test_000630,0
test_000631,0
test_000632,1
test_000633,0
test_000634,0
test_000635,0
test_000636,0
test_000637,0
test_000638,1
test_000639,0
test_000640,0
test_000641,0
test_000642,0
test_000643,0
test_000644,1
test_000645,0
test_000646,0
test_000647,0
test_000648,0
test_000649,0
test_000650,0
test_000651,0
test_000652,0
test_000653,0
test_000654,0
test_000655,0
test_000656,0
test_000657,0
test_000658,0
test_000659,0
test_000660,0
test_000661,1
test_000662,0
test_000663,0
test_000664,0
test_000665,1
test_000666,0
test_000667,0
test_000668,0
test_000669,0
test_000670,0
test_000671,0
test_000672,0
test_000673,0
test_000674,1
test_000675,0
test_000676,0
test_000677,1
test_000678,0
test_000679,0
test_000680,0
test_000681,0
test_000682,1
test_000683,0
test_000684,0
test_000685,0
test_000686,0
test_000687,0
test_000688,1
test_000689,0
test_000690,0
test_000691,0
test_000692,1
test_000693,0
test_000694,0
test_000695,1
test_000696,0
test_000697,0
test_000698,0
test_000699,1
test_000700,0
test_000701,0
test_000702,0
test_000703,0
test_000704,0
test_000705,0
test_000706,0
test_000707,1
test_000708,0
test_000709,0
test_000710,0
test_000711,0
test_000712,0
test_000713,0
test_000714,0
test_000715,0
test_000716,0
test_000717,0
test_000718,0
test_000719,0
test_000720,0
test_000721,0
test_000722,0
test_000723,0
test_000724,0
test_000725,0
test_000726,0
test_000727,0
test_000728,0
test_000729,0
test_000730,0
test_000731,0
test_000732,0
test_000733,0
test_000734,1
test_000735,0
test_000736,0
test_000737,0
test_000738,0
test_000739,0
test_000740,1
test_000741,1
test_000742,0
test_000743,1
test_000744,0
test_000745,0
test_000746,1
test_000747,0
test_000748,1
test_000749,0
test_000750,0
test_000751,1
test_000752,0
test_000753,0
test_000754,0
test_000755,0
test_000756,0
test_000757,0
test_000758,0
test_000759,0
test_000760,0
test_000761,0
test_000762,1
test_000763,0
test_000764,0
test_000765,0
test_000766,0
test_000767,1
test_000768,0
test_000769,0
test_000770,0
test_000771,0
test_000772,0
test_000773,0
test_000774,1
test_000775,0
test_000776,0
test_000777,0
test_000778,0
test_000779,0
test_000780,0
test_000781,0
test_000782,0
test_000783,0
test_000784,0
test_000785,0
test_000786,0
test_000787,0
test_000788,1
test_000789,0
test_000790,1
test_000791,0
test_000792,0
test_000793,0
test_000794,0
test_000795,0
test_000796,1
test_000797,1
test_000798,0
test_000799,0
test_000800,1
test_000801,1
test_000802,0
test_000803,0
test_000804,1
test_000805,0
test_000806,0
test_000807,1
test_000808,0
test_000809,0
test_000810,0
test_000811,0
test_000812,0
test_000813,0
test_000814,0
test_000815,0
test_000816,0
test_000817,0
test_000818,0
test_000819,0
test_000820,1
test_000821,0
test_000822,0
test_000823,0
test_000824,0
test_000825,0
test_000826,0
test_000827,0
test_000828,0
test_000829,0
test_000830,0
test_000831,0
test_000832,0
test_000833,0
test_000834,0
test_000835,0
test_000836,0
test_000837,0
test_000838,1
test_000839,0
test_000840,0
test_000841,0
test_000842,0
test_000843,0
test_000844,0
test_000845,0
test_000846,0
test_000847,0
test_000848,0
test_000849,0
test_000850,0
test_000851,1
test_000852,0
test_000853,0
test_000854,0
test_000855,0
test_000856,0
test_000857,0
test_000858,0
test_000859,0
test_000860,0
test_000861,0
test_000862,0
test_000863,0
test_000864,0
test_000865,0
test_000866,0
test_000867,0
test_000868,0
test_000869,0
test_000870,0
test_000871,0
test_000872,0
test_000873,0
test_000874,0
test_000875,0
test_000876,0
test_000877,0
test_000878,0
test_000879,0
test_000880,0
test_000881,0
test_000882,0
test_000883,0
test_000884,1
test_000885,1
test_000886,0
test_000887,0
test_000888,0
test_000889,0
test_000890,0
test_000891,0
test_000892,0
test_000893,0
test_000894,0
test_000895,0
test_000896,0
test_000897,0
test_000898,0
test_000899,1
test_000900,1
test_000901,0
test_000902,1
test_000903,0
test_000904,0
test_000905,0
test_000906,0
test_000907,0
test_000908,0
test_000909,0
test_000910,1
test_000911,0
test_000912,0
test_000913,1
test_000914,0
test_000915,1
test_000916,1
test_000917,0
test_000918,0
test_000919,0
test_000920,0
test_000921,0
test_000922,0
test_000923,0
test_000924,0
test_000925,0
test_000926,0
test_000927,0
test_000928,0
test_000929,0
test_000930,0
test_000931,1
test_000932,0
test_000933,0
test_000934,0
test_000935,0
test_000936,0
test_000937,0
test_000938,1
test_000939,1
test_000940,0
test_000941,0
test_000942,0
test_000943,0
test_000944,1
test_000945,0
test_000946,0
test_000947,1
test_000948,0
test_000949,0
test_000950,0
test_000951,0
test_000952,0
test_000953,0
test_000954,0
test_000955,0
test_000956,1
test_000957,1
test_000958,0
test_000959,0
test_000960,0
test_000961,0
test_000962,0
test_000963,0
test_000964,0
test_000965,0
test_000966,0
test_000967,0
test_000968,0
test_000969,0
test_000970,0
test_000971,1
test_000972,0
test_000973,1
test_000974,0
test_000975,0
test_000976,1
test_000977,0
test_000978,0
test_000979,0
test_000980,0
test_000981,0
test_000982,0
test_000983,1
test_000984,0
test_000985,0
test_000986,0
test_000987,1
test_000988,1
test_000989,0
test_000990,0
test_000991,1
test_000992,0
test_000993,0
test_000994,0
test_000995,0
test_000996,0
test_000997,0
test_000998,0
test_000999,0
test_001000,0
test_001001,0
test_001002,0
test_001003,0
test_001004,0
test_001005,0
test_001006,0
test_001007,0
test_001008,1
test_001009,0
test_001010,0
test_001011,0
test_001012,1
test_001013,0
test_001014,0
test_001015,0
test_001016,0
test_001017,0
test_001018,0
test_001019,0
test_001020,0
test_001021,1
test_001022,0
test_001023,0
test_001024,0
test_001025,1
test_001026,0
test_001027,0
test_001028,0
test_001029,0
test_001030,0
test_001031,0
test_001032,1
test_001033,0
test_001034,0
test_001035,0
test_001036,0
test_001037,0
test_001038,0
test_001039,0
test_001040,0
test_001041,0
test_001042,0
test_001043,0
test_001044,0
test_001045,0
test_001046,0
test_001047,0
test_001048,0
test_001049,0
test_001050,0
test_001051,0
test_001052,0
test_001053,1
test_001054,0
test_001055,0
test_001056,0
test_001057,0
test_001058,0
test_001059,0
test_001060,0
test_001061,0
test_001062,0
test_001063,0
test_001064,0
test_001065,0
test_001066,0
test_001067,0
test_001068,0
test_001069,0
test_001070,0
test_001071,0
test_001072,0
test_001073,0
test_001074,0
test_001075,0
test_001076,0
test_001077,0
test_001078,0
test_001079,0
test_001080,0
test_001081,0
test_001082,1
test_001083,0
test_001084,0
test_001085,0
test_001086,0
test_001087,0
test_001088,0
test_001089,0
test_001090,0
test_001091,0
test_001092,0
test_001093,0
test_001094,1
test_001095,0
test_001096,0
test_001097,0
test_001098,0
test_001099,0
test_001100,0
test_001101,1
test_001102,0
test_001103,0
test_001104,0
test_001105,0
test_001106,0
test_001107,0
test_001108,0
test_001109,0
test_001110,1
test_001111,0
test_001112,0
test_001113,0
test_001114,0
test_001115,1
test_001116,0
test_001117,0
test_001118,0
test_001119,1
test_001120,1
test_001121,0
test_001122,0
test_001123,0
test_001124,0
test_001125,0
test_001126,0
test_001127,0
test_001128,0
test_001129,0
test_001130,0
test_001131,1
test_001132,0
test_001133,0
test_001134,0
test_001135,0
test_001136,0
test_001137,0
test_001138,1
test_001139,0
test_001140,0
test_001141,1
test_001142,0
test_001143,1
test_001144,1
test_001145,1
test_001146,0
test_001147,0
test_001148,0
test_001149,0
test_001150,0
test_001151,0
test_001152,0
test_001153,0
test_001154,0
test_001155,0
test_001156,1
test_001157,0
test_001158,0
test_001159,0
test_001160,0
test_001161,1
test_001162,1
test_001163,0
test_001164,0
test_001165,0
test_001166,0
test_001167,0
test_001168,0
test_001169,0
test_001170,0
test_001171,0
test_001172,0
test_001173,0
test_001174,0
test_001175,0
test_001176,0
test_001177,1
test_001178,0
test_001179,0
test_001180,0
test_001181,0
test_001182,0
test_001183,0
test_001184,0
test_001185,0
test_001186,0
test_001187,0
test_001188,1
test_001189,1
test_001190,0
test_001191,1
test_001192,0
test_001193,0
test_001194,0
test_001195,0
test_001196,1
test_001197,0
test_001198,1
test_001199,0
test_001200,0
test_001201,0
test_001202,0
test_001203,0
test_001204,0
test_001205,0
test_001206,0
test_001207,0
test_001208,0
test_001209,0
test_001210,0
test_001211,0
test_001212,0
test_001213,1
test_001214,0
test_001215,0
test_001216,0
test_001217,1
test_001218,0
test_001219,1
test_001220,1
test_001221,0
test_001222,0
test_001223,0
test_001224,0
test_001225,0
test_001226,0
test_001227,0
test_001228,0
test_001229,0
test_001230,1
test_001231,0
test_001232,0
test_001233,0
test_001234,0
test_001235,0
test_001236,0
test_001237,0
test_001238,0
test_001239,0
test_001240,0
test_001241,0
test_001242,0
test_001243,0
test_001244,0
test_001245,0
test_001246,0
test_001247,0
test_001248,0
test_001249,1
test_001250,0
test_001251,0
test_001252,1
test_001253,0
test_001254,0
test_001255,0
test_001256,0
test_001257,1
test_001258,0
test_001259,0
test_001260,0
test_001261,0
test_001262,0
test_001263,0
test_001264,0
test_001265,0
test_001266,0
test_001267,0
test_001268,0
test_001269,1
test_001270,0
test_001271,1
test_001272,0
test_001273,0
test_001274,0
test_001275,0
test_001276,0
test_001277,0
test_001278,0
test_001279,0
test_001280,0
test_001281,0
test_001282,0
test_001283,0
test_001284,0
test_001285,0
test_001286,0
test_001287,0
test_001288,0
test_001289,0
test_001290,0
test_001291,0
test_001292,0
test_001293,0
test_001294,0
test_001295,0
test_001296,0
test_001297,0
test_001298,0
test_001299,0
test_001300,0
test_001301,0
test_001302,0
test_001303,0
test_001304,0
test_001305,1
test_001306,0
test_001307,0
test_001308,0
test_001309,0
test_001310,0
test_001311,0
test_001312,0
test_001313,0
test_001314,0
test_001315,0
test_001316,1
test_001317,1
test_001318,0
test_001319,0
test_001320,1
test_001321,0
test_001322,0
test_001323,1
test_001324,1
test_001325,0
test_001326,0
test_001327,0
test_001328,1
test_001329,0
test_001330,0
test_001331,1
test_001332,0
test_001333,0
test_001334,0
test_001335,0
test_001336,0
test_001337,0
test_001338,1
test_001339,0
test_001340,0
test_001341,0
test_001342,0
test_001343,0
test_001344,0
test_001345,0
test_001346,0
test_001347,0
test_001348,0
test_001349,0
test_001350,0
test_001351,1
test_001352,1
test_001353,0
test_001354,0
test_001355,0
test_001356,0
test_001357,0
test_001358,1
test_001359,1
test_001360,0
test_001361,0
test_001362,0
test_001363,0
test_001364,0
test_001365,0
test_001366,0
test_001367,1
test_001368,0
test_001369,0
test_001370,0
test_001371,0
test_001372,1
test_001373,0
test_001374,0
test_001375,0
test_001376,0
test_001377,1
test_001378,0
test_001379,0
test_001380,0
test_001381,0
test_001382,1
test_001383,0
test_001384,0
test_001385,0
test_001386,0
test_001387,0
test_001388,0
test_001389,1
test_001390,0
test_001391,1
test_001392,1
test_001393,0
test_001394,0
test_001395,0
test_001396,0
test_001397,0
test_001398,0
test_001399,0
test_001400,0
test_001401,0
test_001402,0
test_001403,1
test_001404,0
test_001405,1
test_001406,0
test_001407,0
test_001408,0
test_001409,0
test_001410,0
test_001411,0
test_001412,0
test_001413,0
test_001414,0
test_001415,0
test_001416,0
test_001417,1
test_001418,0
test_001419,1
test_001420,0
test_001421,0
test_001422,0
test_001423,0
test_001424,0
test_001425,0
test_001426,1
test_001427,0
test_001428,0
test_001429,0
test_001430,0
test_001431,0
test_001432,0
test_001433,0
test_001434,0
test_001435,0
test_001436,0
test_001437,0
test_001438,0
test_001439,0
test_001440,0
test_001441,0
test_001442,0
test_001443,0
test_001444,0
test_001445,0
test_001446,0
test_001447,0
test_001448,1
test_001449,0
test_001450,0
test_001451,0
test_001452,0
test_001453,0
test_001454,0
test_001455,0
test_001456,0
test_001457,0
test_001458,0
test_001459,0
test_001460,0
test_001461,1
test_001462,0
test_001463,1
test_001464,0
test_001465,0
test_001466,0
test_001467,0
test_001468,0
test_001469,1
test_001470,0
test_001471,0
test_001472,0
test_001473,0
test_001474,0
test_001475,0
test_001476,1
test_001477,0
test_001478,0
test_001479,0
test_001480,0
test_001481,0
test_001482,0
test_001483,0
test_001484,0
test_001485,0
test_001486,0
test_001487,0
test_001488,1
test_001489,0
test_001490,0
test_001491,0
test_001492,0
test_001493,1
test_001494,0
test_001495,0
test_001496,0
test_001497,0
test_001498,0
test_001499,0
test_001500,0
test_001501,0
test_001502,0
test_001503,0
test_001504,0
test_001505,0
test_001506,0
test_001507,1
test_001508,0
test_001509,0
test_001510,0
test_001511,0
test_001512,0
test_001513,0
test_001514,0
test_001515,0
test_001516,0
test_001517,0
test_001518,0
test_001519,1
test_001520,1
test_001521,0
test_001522,1
test_001523,0
test_001524,1
test_001525,0
test_001526,1
test_001527,0
test_001528,0
test_001529,0
test_001530,0
test_001531,0
test_001532,0
test_001533,0
test_001534,0
test_001535,0
test_001536,1
test_001537,0
test_001538,0
test_001539,0
test_001540,0
test_001541,0
test_001542,0
test_001543,0
test_001544,0
test_001545,0
test_001546,0
test_001547,0
test_001548,0
test_001549,0
test_001550,0
test_001551,0
test_001552,0
test_001553,1
test_001554,0
test_001555,0
test_001556,0
test_001557,0
test_001558,0
test_001559,1
test_001560,0
test_001561,0
test_001562,0
test_001563,0
test_001564,0
test_001565,0
test_001566,0
test_001567,0
test_001568,1
test_001569,0
test_001570,1
test_001571,1
test_001572,0
test_001573,0
test_001574,0
test_001575,0
test_001576,0
test_001577,0
test_001578,1
test_001579,0
test_001580,0
test_001581,0
test_001582,0
test_001583,0
test_001584,0
test_001585,0
test_001586,0
test_001587,0
test_001588,0
test_001589,0
test_001590,0
test_001591,1
test_001592,0
test_001593,0
test_001594,0
test_001595,0
test_001596,0
test_001597,0
test_001598,1
test_001599,0
test_001600,0
test_001601,0
test_001602,0
test_001603,0
test_001604,0
test_001605,1
test_001606,0
test_001607,0
test_001608,0
test_001609,0
test_001610,0
test_001611,0
test_001612,0
test_001613,0
test_001614,0
test_001615,0
test_001616,0
test_001617,0
test_001618,0
test_001619,0
test_001620,0
test_001621,1
test_001622,0
test_001623,0
test_001624,0
test_001625,0
test_001626,0
test_001627,1
test_001628,0
test_001629,0
test_001630,0
test_001631,0
test_001632,0
test_001633,0
test_001634,0
test_001635,0
test_001636,0
test_001637,0
test_001638,0
test_001639,0
test_001640,0
test_001641,0
test_001642,0
test_001643,0
test_001644,0
test_001645,1
test_001646,0
test_001647,0
test_001648,0
test_001649,1
test_001650,0
test_001651,0
test_001652,0
test_001653,0
test_001654,0
test_001655,0
test_001656,0
test_001657,0
test_001658,0
test_001659,1
test_001660,0
test_001661,0
test_001662,1
test_001663,0
test_001664,1
test_001665,0
test_001666,1
test_001667,0
test_001668,0
test_001669,1
test_001670,0
test_001671,0
test_001672,0
test_001673,0
test_001674,0
test_001675,0
test_001676,0
test_001677,0
test_001678,1
test_001679,0
test_001680,0
test_001681,0
test_001682,0
test_001683,0
test_001684,0
test_001685,0
test_001686,1
test_001687,0
test_001688,0
test_001689,0
test_001690,1
test_001691,0
test_001692,0
test_001693,0
test_001694,0
test_001695,0
test_001696,0
test_001697,0
test_001698,0
test_001699,0
test_001700,0
test_001701,0
test_001702,0
test_001703,0
test_001704,0
test_001705,0
test_001706,0
test_001707,0
test_001708,0
test_001709,0
test_001710,0
test_001711,0
test_001712,0
test_001713,1
test_001714,1
test_001715,0
test_001716,0
test_001717,0
test_001718,0
test_001719,0
test_001720,1
test_001721,0
test_001722,0
test_001723,1
test_001724,0
test_001725,1
test_001726,0
test_001727,0
test_001728,1
test_001729,0
test_001730,0
test_001731,0
test_001732,0
test_001733,0
test_001734,0
test_001735,1
test_001736,0
test_001737,0
test_001738,0
test_001739,0
test_001740,1
test_001741,0
test_001742,0
test_001743,0
test_001744,1
test_001745,0
test_001746,0
test_001747,0
test_001748,0
test_001749,0
test_001750,0
test_001751,0
test_001752,1
test_001753,0
test_001754,0
test_001755,0
test_001756,1
test_001757,0
test_001758,0
test_001759,1
test_001760,1
test_001761,0
test_001762,0
test_001763,0
test_001764,0
test_001765,0
test_001766,0
test_001767,1
test_001768,0
test_001769,0
test_001770,0
test_001771,0
test_001772,0
test_001773,0
test_001774,0
test_001775,0
test_001776,0
test_001777,0
test_001778,0
test_001779,1
test_001780,0
test_001781,0
test_001782,0
test_001783,1
test_001784,0
test_001785,0
test_001786,1
test_001787,0
test_001788,0
test_001789,0
test_001790,0
test_001791,0
test_001792,0
test_001793,0
test_001794,1
test_001795,0
test_001796,0
test_001797,0
test_001798,0
test_001799,0
test_001800,0
test_001801,1
test_001802,0
test_001803,1
test_001804,0
test_001805,0
test_001806,0
test_001807,1
test_001808,1
test_001809,0
test_001810,0
test_001811,0
test_001812,0
test_001813,0
test_001814,0
test_001815,0
test_001816,0
test_001817,1
test_001818,0
test_001819,0
test_001820,1
test_001821,0
test_001822,0
test_001823,1
test_001824,0
test_001825,0
test_001826,0
test_001827,0
test_001828,0
test_001829,0
test_001830,0
test_001831,0
test_001832,0
test_001833,0
test_001834,0
test_001835,0
test_001836,1
test_001837,0
test_001838,1
test_001839,1
test_001840,0
test_001841,1
test_001842,0
test_001843,0
test_001844,0
test_001845,0
test_001846,0
test_001847,1
test_001848,1
test_001849,0
test_001850,0
test_001851,1
test_001852,0
test_001853,0
test_001854,0
test_001855,1
test_001856,0
test_001857,1
test_001858,0
test_001859,0
test_001860,0
test_001861,0
test_001862,0
test_001863,0
test_001864,0
test_001865,0
test_001866,0
test_001867,0
test_001868,0
test_001869,0
test_001870,0
test_001871,0
test_001872,0
test_001873,0
test_001874,0
test_001875,0
test_001876,1
test_001877,0
test_001878,1
test_001879,0
test_001880,0
test_001881,0
test_001882,0
test_001883,0
test_001884,0
test_001885,0
test_001886,0
test_001887,0
test_001888,0
test_001889,0
test_001890,0
test_001891,0
test_001892,1
test_001893,0
test_001894,0
test_001895,0
test_001896,0
test_001897,0
test_001898,0
test_001899,0
test_001900,1
test_001901,0
test_001902,0
test_001903,0
test_001904,0
test_001905,0
test_001906,0
test_001907,1
test_001908,0
test_001909,0
test_001910,0
test_001911,0
test_001912,1
test_001913,1
test_001914,1
test_001915,0
test_001916,0
test_001917,1
test_001918,0
test_001919,1
test_001920,0
test_001921,1
test_001922,0
test_001923,0
test_001924,1
test_001925,0
test_001926,0
test_001927,0
test_001928,0
test_001929,0
test_001930,0
test_001931,0
test_001932,0
test_001933,0
test_001934,0
test_001935,0
test_001936,1
test_001937,0
test_001938,0
test_001939,0
test_001940,0
test_001941,0
test_001942,0
test_001943,0
test_001944,0
test_001945,0
test_001946,0
test_001947,0
test_001948,0
test_001949,0
test_001950,0
test_001951,1
test_001952,1
test_001953,0
test_001954,1
test_001955,1
test_001956,0
test_001957,0
test_001958,1
test_001959,0
test_001960,1
test_001961,0
test_001962,0
test_001963,0
test_001964,0
test_001965,0
test_001966,0
test_001967,0
test_001968,0
test_001969,0
test_001970,1
test_001971,1
test_001972,0
test_001973,1
test_001974,0
test_001975,0
test_001976,0
test_001977,0
test_001978,0
test_001979,0
test_001980,0
test_001981,0
test_001982,1
test_001983,0
test_001984,0
test_001985,0
test_001986,0
test_001987,0
test_001988,0
test_001989,0
test_001990,0
test_001991,0
test_001992,0
test_001993,0
test_001994,0
test_001995,0
test_001996,0
test_001997,0
test_001998,0
test_001999,0
test_002000,0
test_002001,0
test_002002,0
test_002003,0
test_002004,0
test_002005,0
test_002006,0
test_002007,0
test_002008,0
test_002009,0
test_002010,0
test_002011,1
test_002012,0
test_002013,0
test_002014,0
test_002015,0
test_002016,0
test_002017,0
test_002018,0
test_002019,0
test_002020,0
test_002021,0
test_002022,0
test_002023,1
test_002024,0
test_002025,0
test_002026,0
test_002027,0
test_002028,0
test_002029,0
test_002030,0
test_002031,1
test_002032,0
test_002033,0
test_002034,0
test_002035,0
test_002036,0
test_002037,0
test_002038,1
test_002039,0
test_002040,0
test_002041,0
test_002042,0
test_002043,0
test_002044,0
test_002045,1
test_002046,0
test_002047,0
test_002048,1
test_002049,1
test_002050,0
test_002051,1
test_002052,0
test_002053,1
test_002054,1
test_002055,0
test_002056,1
test_002057,0
test_002058,0
test_002059,0
test_002060,1
test_002061,0
test_002062,0
test_002063,0
test_002064,0
test_002065,0
test_002066,0
test_002067,0
test_002068,0
test_002069,0
test_002070,1
test_002071,1
test_002072,1
test_002073,0
test_002074,0
test_002075,0
test_002076,0
test_002077,1
test_002078,0
test_002079,0
test_002080,0
test_002081,0
test_002082,0
test_002083,0
test_002084,0
test_002085,1
test_002086,1
test_002087,0
test_002088,0
test_002089,0
test_002090,0
test_002091,0
test_002092,0
test_002093,0
test_002094,0
test_002095,0
test_002096,0
test_002097,0
test_002098,0
test_002099,0
test_002100,0
test_002101,0
test_002102,0
test_002103,0
test_002104,0
test_002105,0
test_002106,0
test_002107,0
test_002108,0
test_002109,0
test_002110,0
test_002111,1
test_002112,0
test_002113,0
test_002114,0
test_002115,0
test_002116,1
test_002117,0
test_002118,0
test_002119,0
test_002120,0
test_002121,1
test_002122,0
test_002123,0
test_002124,0
test_002125,0
test_002126,0
test_002127,0
test_002128,0
test_002129,0
test_002130,1
test_002131,0
test_002132,0
test_002133,0
test_002134,0
test_002135,0
test_002136,0
test_002137,0
test_002138,0
test_002139,0
test_002140,0
test_002141,1
test_002142,1
test_002143,0
test_002144,0
test_002145,0
test_002146,0
test_002147,0
test_002148,1
test_002149,0
test_002150,0
test_002151,0
test_002152,0
test_002153,1
test_002154,0
test_002155,0
test_002156,1
test_002157,0
test_002158,0
test_002159,0
test_002160,0
test_002161,0
test_002162,0
test_002163,0
test_002164,0
test_002165,0
test_002166,0
test_002167,0
test_002168,1
test_002169,0
test_002170,0
test_002171,0
test_002172,0
test_002173,0
test_002174,0
test_002175,0
test_002176,0
test_002177,0
test_002178,0
test_002179,0
test_002180,1
test_002181,0
test_002182,0
test_002183,0
test_002184,0
test_002185,0
test_002186,1
test_002187,0
test_002188,1
test_002189,0
test_002190,0
test_002191,0
test_002192,0
test_002193,0
test_002194,0
test_002195,1
test_002196,0
test_002197,0
test_002198,0
test_002199,0
test_002200,0
test_002201,0
test_002202,1
test_002203,0
test_002204,0
test_002205,0
test_002206,0
test_002207,1
test_002208,0
test_002209,0
test_002210,0
test_002211,0
test_002212,0
test_002213,0
test_002214,0
test_002215,0
test_002216,0
test_002217,0
test_002218,0
test_002219,1
test_002220,0
test_002221,1
test_002222,0
test_002223,0
test_002224,0
test_002225,0
test_002226,1
test_002227,0
test_002228,0
test_002229,0
test_002230,0
test_002231,1
test_002232,0
test_002233,0
test_002234,0
test_002235,0
test_002236,0
test_002237,0
test_002238,0
test_002239,0
test_002240,1
test_002241,0
test_002242,0
test_002243,1
test_002244,0
test_002245,1
test_002246,0
test_002247,0
test_002248,0
test_002249,0
test_002250,0
test_002251,0
test_002252,0
test_002253,0
test_002254,0
test_002255,1
test_002256,0
test_002257,0
test_002258,0
test_002259,0
test_002260,1
test_002261,0
test_002262,0
test_002263,1
test_002264,0
test_002265,0
test_002266,0
test_002267,0
test_002268,0
test_002269,0
test_002270,0
test_002271,1
test_002272,0
test_002273,0
test_002274,0
test_002275,0
test_002276,0
test_002277,0
test_002278,0
test_002279,0
test_002280,0
test_002281,0
test_002282,0
test_002283,0
test_002284,0
test_002285,0
test_002286,0
test_002287,0
test_002288,0
test_002289,1
test_002290,0
test_002291,0
test_002292,0
test_002293,0
test_002294,0
test_002295,0
test_002296,0
test_002297,0
test_002298,0
test_002299,1
test_002300,0
test_002301,0
test_002302,0
test_002303,0
test_002304,0
test_002305,0
test_002306,0
test_002307,0
test_002308,0
test_002309,0
test_002310,0
test_002311,0
test_002312,0
test_002313,0
test_002314,0
test_002315,0
test_002316,0
test_002317,0
test_002318,0
test_002319,1
test_002320,0
test_002321,0
test_002322,0
test_002323,0
test_002324,0
test_002325,1
test_002326,0
test_002327,0
test_002328,1
test_002329,0
test_002330,0
test_002331,1
test_002332,1
test_002333,0
test_002334,0
test_002335,0
test_002336,0
test_002337,1
test_002338,0
test_002339,0
test_002340,0
test_002341,1
test_002342,0
test_002343,0
test_002344,0
test_002345,0
test_002346,0
test_002347,0
test_002348,0
test_002349,0
test_002350,1
test_002351,0
test_002352,0
test_002353,0
test_002354,1
test_002355,0
test_002356,0
test_002357,1
test_002358,1
test_002359,0
test_002360,1
test_002361,0
test_002362,1
test_002363,1
test_002364,0
test_002365,1
test_002366,0
test_002367,0
test_002368,0
test_002369,0
test_002370,1
test_002371,0
test_002372,0
test_002373,0
test_002374,0
test_002375,0
test_002376,0
test_002377,0
test_002378,1
test_002379,0
test_002380,1
test_002381,0
test_002382,0
test_002383,0
test_002384,0
test_002385,0
test_002386,0
test_002387,1
test_002388,0
test_002389,0
test_002390,0
test_002391,0
test_002392,0
test_002393,0
test_002394,0
test_002395,0
test_002396,1
test_002397,1
test_002398,1
test_002399,0
test_002400,0
test_002401,1
test_002402,0
test_002403,0
test_002404,0
test_002405,0
test_002406,0
test_002407,0
test_002408,0
test_002409,0
test_002410,0
test_002411,0
test_002412,1
test_002413,0
test_002414,1
test_002415,0
test_002416,1
test_002417,0
test_002418,0
test_002419,0
test_002420,0
test_002421,0
test_002422,0
test_002423,0
test_002424,0
test_002425,0
test_002426,1
test_002427,0
test_002428,0
test_002429,0
test_002430,0
test_002431,0
test_002432,0
test_002433,1
test_002434,0
test_002435,1
test_002436,0
test_002437,0
test_002438,0
test_002439,0
test_002440,0
test_002441,0
test_002442,0
test_002443,0
test_002444,0
test_002445,0
test_002446,0
test_002447,0
test_002448,0
test_002449,0
test_002450,0
test_002451,0
test_002452,0
test_002453,0
test_002454,0
test_002455,0
test_002456,0
test_002457,1
test_002458,0
test_002459,0
test_002460,0
test_002461,0
test_002462,1
test_002463,0
test_002464,0
test_002465,0
test_002466,0
test_002467,1
test_002468,0
test_002469,0
test_002470,1
test_002471,0
test_002472,0
test_002473,0
test_002474,0
test_002475,0
test_002476,0
test_002477,0
test_002478,1
test_002479,0
test_002480,1
test_002481,0
test_002482,0
test_002483,0
test_002484,0
test_002485,0
test_002486,0
test_002487,0
test_002488,0
test_002489,1
test_002490,0
test_002491,0
test_002492,1
test_002493,0
test_002494,0
test_002495,0
test_002496,0
test_002497,0
test_002498,1
test_002499,0
test_002500,0
test_002501,0
test_002502,0
test_002503,0
test_002504,0
test_002505,0
test_002506,0
test_002507,0
test_002508,0
test_002509,1
test_002510,0
test_002511,0
test_002512,0
test_002513,0
test_002514,1
test_002515,1
test_002516,0
test_002517,0
test_002518,0
test_002519,0
test_002520,1
test_002521,0
test_002522,0
test_002523,0
test_002524,0
test_002525,0
